hs_code,add_tariff_rate,Type,applicable_origin
7206,50%,Steel,All
7207,50%,Steel,All
7208,50%,Steel,All
7209,50%,Steel,All
7210,50%,Steel,All
7211,50%,Steel,All
7212,50%,Steel,All
7213,50%,Steel,All
7214,50%,Steel,All
7215,50%,Steel,All
7216.10.00,50%,Steel,All
7216.21.00,50%,Steel,All
7216.22.00,50%,Steel,All
7216.31.00,50%,Steel,All
7216.32.00,50%,Steel,All
7216.33.00,50%,Steel,All
7216.40.00,50%,Steel,All
7216.50.00,50%,Steel,All
7216.99.00,50%,Steel,All
7217,50%,Steel,All
7218,50%,Steel,All
7219,50%,Steel,All
7220,50%,Steel,All
7221,50%,Steel,All
7222,50%,Steel,All
7223,50%,Steel,All
7224,50%,Steel,All
7225,50%,Steel,All
7226,50%,Steel,All
7227,50%,Steel,All
7228,50%,Steel,All
7229,50%,Steel,All
7301.10.00,50%,Steel,All
7302.1,50%,Steel,All
7302.40.00,50%,Steel,All
7302.9,50%,Steel,All
7304,50%,Steel,All
7305,50%,Steel,All
7306,50%,Steel,All
7216.91.00.10,50%,Steel Derivatives,All
7301.20.10,50%,Steel Derivatives,All
7301.20.50,50%,Steel Derivatives,All
7302.30.00,50%,Steel Derivatives,All
7307.19.30,50%,Steel Derivatives,All
7307.19.90,50%,Steel Derivatives,All
7307.21.10,50%,Steel Derivatives,All
7307.21.50,50%,Steel Derivatives,All
7307.22.10,50%,Steel Derivatives,All
7307.22.50,50%,Steel Derivatives,All
7307.23.00,50%,Steel Derivatives,All
7307.29.00,50%,Steel Derivatives,All
7307.91.10,50%,Steel Derivatives,All
7307.91.30,50%,Steel Derivatives,All
7307.91.50,50%,Steel Derivatives,All
7307.92.30,50%,Steel Derivatives,All
7307.92.90,50%,Steel Derivatives,All
7307.93.30,50%,Steel Derivatives,All
7307.93.60,50%,Steel Derivatives,All
7307.93.90,50%,Steel Derivatives,All
7307.99.10,50%,Steel Derivatives,All
7307.99.30,50%,Steel Derivatives,All
7307.99.50,50%,Steel Derivatives,All
7308.10.00,50%,Steel Derivatives,All
7308.20.00,50%,Steel Derivatives,All
7308.30.10,50%,Steel Derivatives,All
7308.30.50,50%,Steel Derivatives,All
7308.40.00,50%,Steel Derivatives,All
7308.90.30,50%,Steel Derivatives,All
7308.90.60,50%,Steel Derivatives,All
7308.90.70,50%,Steel Derivatives,All
7308.90.95,50%,Steel Derivatives,All
7309.00.00,50%,Steel Derivatives,All
7310.10.00,50%,Steel Derivatives,All
7310.21.00,50%,Steel Derivatives,All
7310.29.00,50%,Steel Derivatives,All
7311.00.00,50%,Steel Derivatives,All
1976972,50%,Steel Derivatives,All
1976977,50%,Steel Derivatives,All
1976987,50%,Steel Derivatives,All
1976997,50%,Steel Derivatives,All
7312.10.50,50%,Steel Derivatives,All
7312.10.60,50%,Steel Derivatives,All
7312.10.70,50%,Steel Derivatives,All
7312.10.80,50%,Steel Derivatives,All
7312.10.90,50%,Steel Derivatives,All
7312.90.00,50%,Steel Derivatives,All
7313.00.00,50%,Steel Derivatives,All
1977768,50%,Steel Derivatives,All
1977778,50%,Steel Derivatives,All
1977788,50%,Steel Derivatives,All
7314.12.60,50%,Steel Derivatives,All
7314.12.90,50%,Steel Derivatives,All
7314.14.10,50%,Steel Derivatives,All
7314.14.20,50%,Steel Derivatives,All
7314.14.30,50%,Steel Derivatives,All
7314.14.60,50%,Steel Derivatives,All
7314.14.90,50%,Steel Derivatives,All
7314.19.01,50%,Steel Derivatives,All
7314.20.00,50%,Steel Derivatives,All
7314.31.10,50%,Steel Derivatives,All
7314.31.50,50%,Steel Derivatives,All
7314.39.00,50%,Steel Derivatives,All
7314.41.00,50%,Steel Derivatives,All
7314.42.00,50%,Steel Derivatives,All
7314.49.30,50%,Steel Derivatives,All
7314.49.60,50%,Steel Derivatives,All
7314.50.00,50%,Steel Derivatives,All
7315.11.00,50%,Steel Derivatives,All
7315.12.00,50%,Steel Derivatives,All
7315.19.00,50%,Steel Derivatives,All
7315.20.10,50%,Steel Derivatives,All
7315.20.50,50%,Steel Derivatives,All
7315.81.00,50%,Steel Derivatives,All
7315.82.10,50%,Steel Derivatives,All
7315.82.30,50%,Steel Derivatives,All
7315.82.50,50%,Steel Derivatives,All
7315.82.70,50%,Steel Derivatives,All
7315.89.10,50%,Steel Derivatives,All
7315.89.30,50%,Steel Derivatives,All
7315.89.50,50%,Steel Derivatives,All
7315.90.00,50%,Steel Derivatives,All
7316.00.00,50%,Steel Derivatives,All
7317.00.10,50%,Steel Derivatives,All
7317.00.20,50%,Steel Derivatives,All
7317.00.30,50%,Steel Derivatives,All
7317.00.55,50%,Steel Derivatives,All
7317.00.65,50%,Steel Derivatives,All
7317.00.75,50%,Steel Derivatives,All
7318.11.00,50%,Steel Derivatives,All
7318.12.00,50%,Steel Derivatives,All
7318.13.00,50%,Steel Derivatives,All
7318.14.10,50%,Steel Derivatives,All
7318.14.50,50%,Steel Derivatives,All
7318.15.20,50%,Steel Derivatives,All
7318.15.40,50%,Steel Derivatives,All
7318.15.50,50%,Steel Derivatives,All
7318.15.60,50%,Steel Derivatives,All
7318.15.80,50%,Steel Derivatives,All
7318.16.00,50%,Steel Derivatives,All
7318.19.00,50%,Steel Derivatives,All
7318.21.00,50%,Steel Derivatives,All
7318.22.00,50%,Steel Derivatives,All
7318.23.00,50%,Steel Derivatives,All
7318.24.00,50%,Steel Derivatives,All
7318.29.00,50%,Steel Derivatives,All
7319.40.20,50%,Steel Derivatives,All
7319.40.30,50%,Steel Derivatives,All
7319.40.50,50%,Steel Derivatives,All
7319.90.10,50%,Steel Derivatives,All
7319.90.90,50%,Steel Derivatives,All
1979919,50%,Steel Derivatives,All
7320.10.60,50%,Steel Derivatives,All
7320.10.90,50%,Steel Derivatives,All
7320.20.10,50%,Steel Derivatives,All
7320.20.50,50%,Steel Derivatives,All
7320.90.10,50%,Steel Derivatives,All
7320.90.50,50%,Steel Derivatives,All
7325.91.00,50%,Steel Derivatives,All
7325.10.00.10,50%,Steel Derivatives,All
7325.10.00.20,50%,Steel Derivatives,All
7325.10.00.25,50%,Steel Derivatives,All
7325.10.00.30,50%,Steel Derivatives,All
7325.10.00.80,50%,Steel Derivatives,All
7325.99.10,50%,Steel Derivatives,All
7325.99.50,50%,Steel Derivatives,All
7326.11.00,50%,Steel Derivatives,All
7326.19.00,50%,Steel Derivatives,All
7326.20.00.90,50%,Steel Derivatives,All
7326.90.10,50%,Steel Derivatives,All
7326.90.25,50%,Steel Derivatives,All
7326.90.60,50%,Steel Derivatives,All
7326.90.86.05,50%,Steel Derivatives,All
7326.90.86.10,50%,Steel Derivatives,All
7326.90.86.30,50%,Steel Derivatives,All
7326.90.86.35,50%,Steel Derivatives,All
7326.90.86.45,50%,Steel Derivatives,All
7326.90.86.88,50%,Steel Derivatives,All
2087280,50%,Steel Derivatives,All
7601,50%,Aluminum,All
7604,50%,Aluminum,All
7605,50%,Aluminum,All
7606,50%,Aluminum,All
7607,50%,Aluminum,All
7608,50%,Aluminum,All
7609,50%,Aluminum,All
7616.99.51.60,50%,Aluminum,All
7616.99.51.70,50%,Aluminum,All
7308.20.00.35,50%,Aluminum Derivatives,All
7610.10.00,50%,Aluminum Derivatives,All
7610.90.00,50%,Aluminum Derivatives,All
7612.10.00.00,50%,Aluminum Derivatives,All
7612.90.10,50%,Aluminum Derivatives,All
7612.90.50.00,50%,Aluminum Derivatives,All
7613.00.00.00,50%,Aluminum Derivatives,All
2087280,50%,Aluminum Derivatives,All
7614.10.50,50%,Aluminum Derivatives,All
7614.90.20,50%,Aluminum Derivatives,All
7614.90.40,50%,Aluminum Derivatives,All
7614.90.50,50%,Aluminum Derivatives,All
7616.10.90.90,50%,Aluminum Derivatives,All
7616.99.51.20,50%,Aluminum Derivatives,All
7616.99.51.50,50%,Aluminum Derivatives,All
7616.99.51.75,50%,Aluminum Derivatives,All
7616.99.51.90,50%,Aluminum Derivatives,All
7406.10.00,50%,Copper Articles,All
7406.20.00,50%,Copper Articles,All
2011679,50%,Copper Articles,All
2011694,50%,Copper Articles,All
7407.10.50,50%,Copper Articles,All
7407.21.15,50%,Copper Articles,All
7407.21.30,50%,Copper Articles,All
7407.21.50,50%,Copper Articles,All
7407.21.70,50%,Copper Articles,All
7407.21.90,50%,Copper Articles,All
7407.29.16,50%,Copper Articles,All
7407.29.34,50%,Copper Articles,All
7407.29.38,50%,Copper Articles,All
7407.29.40,50%,Copper Articles,All
7407.29.50,50%,Copper Articles,All
2012091,50%,Copper Articles,All
7408.11.60,50%,Copper Articles,All
7408.19.00,50%,Copper Articles,All
7408.21.00,50%,Copper Articles,All
7408.22.10,50%,Copper Articles,All
7408.22.50,50%,Copper Articles,All
7408.29.10,50%,Copper Articles,All
7408.29.50,50%,Copper Articles,All
2012436,50%,Copper Articles,All
7409.11.50,50%,Copper Articles,All
7409.19.10,50%,Copper Articles,All
7409.19.50,50%,Copper Articles,All
7409.19.90,50%,Copper Articles,All
7409.21.00,50%,Copper Articles,All
7409.29.00,50%,Copper Articles,All
7409.31.10,50%,Copper Articles,All
7409.31.50,50%,Copper Articles,All
7409.31.90,50%,Copper Articles,All
7409.39.10,50%,Copper Articles,All
7409.39.50,50%,Copper Articles,All
7409.39.90,50%,Copper Articles,All
7409.40.00,50%,Copper Articles,All
7409.90.10,50%,Copper Articles,All
7409.90.50,50%,Copper Articles,All
7409.90.90,50%,Copper Articles,All
7410.11.00,50%,Copper Articles,All
7410.12.00,50%,Copper Articles,All
7410.21.30,50%,Copper Articles,All
7410.21.60,50%,Copper Articles,All
7410.22.00,50%,Copper Articles,All
2013135,50%,Copper Articles,All
7411.10.50,50%,Copper Articles,All
7411.21.10,50%,Copper Articles,All
7411.21.50,50%,Copper Articles,All
7411.22.00,50%,Copper Articles,All
7411.29.10,50%,Copper Articles,All
7411.29.50,50%,Copper Articles,All
7412.10.00,50%,Copper Articles,All
7412.20.00,50%,Copper Articles,All
7413.00.10,50%,Copper Articles,All
7413.00.50,50%,Copper Articles,All
7413.00.90,50%,Copper Articles,All
7415.10.00,50%,Copper Articles,All
7415.21.00,50%,Copper Articles,All
7415.29.00,50%,Copper Articles,All
7415.33.05,50%,Copper Articles,All
7415.33.10,50%,Copper Articles,All
7415.33.80,50%,Copper Articles,All
7415.39.00,50%,Copper Articles,All
7418.10.00,50%,Copper Articles,All
7418.20.10,50%,Copper Articles,All
7418.20.50,50%,Copper Articles,All
7419.20.00,50%,Copper Articles,All
7419.80.03,50%,Copper Articles,All
7419.80.06,50%,Copper Articles,All
7419.80.09,50%,Copper Articles,All
7419.80.15,50%,Copper Articles,All
7419.80.16,50%,Copper Articles,All
7419.80.17,50%,Copper Articles,All
7419.80.30,50%,Copper Articles,All
7419.80.50,50%,Copper Articles,All
1980295,25%,Steel Derivatives,All
1980315,25%,Steel Derivatives,All
7321.11.60,25%,Steel Derivatives,All
7321.12.00,25%,Steel Derivatives,All
7321.19.00,25%,Steel Derivatives,All
7321.81.10,25%,Steel Derivatives,All
7321.81.50,25%,Steel Derivatives,All
7321.82.10,25%,Steel Derivatives,All
7321.82.50,25%,Steel Derivatives,All
7321.89.00,25%,Steel Derivatives,All
7321.90.10,25%,Steel Derivatives,All
7321.90.20,25%,Steel Derivatives,All
7321.90.40,25%,Steel Derivatives,All
7321.90.50,25%,Steel Derivatives,All
7321.90.60,25%,Steel Derivatives,All
7322.19.00,25%,Steel Derivatives,All
7322.90.00,25%,Steel Derivatives,All
7323.10.00,25%,Steel Derivatives,All
7323.93.00,25%,Steel Derivatives,All
7323.94.00,25%,Steel Derivatives,All
7323.99.10,25%,Steel Derivatives,All
7323.99.30,25%,Steel Derivatives,All
7323.99.50,25%,Steel Derivatives,All
7323.99.70,25%,Steel Derivatives,All
7323.99.90,25%,Steel Derivatives,All
7324.10.00,25%,Steel Derivatives,All
7324.29.00,25%,Steel Derivatives,All
7324.90.00,25%,Steel Derivatives,All
7325.10.0035,25%,Steel Derivatives,All
7326.20.0010,25%,Steel Derivatives,All
7326.20.0020,25%,Steel Derivatives,All
7326.20.0030,25%,Steel Derivatives,All
7326.20.0040,25%,Steel Derivatives,All
7326.20.0055,25%,Steel Derivatives,All
7326.90.35,25%,Steel Derivatives,All
7326.90.45,25%,Steel Derivatives,All
7326.90.8660,25%,Steel Derivatives,All
7326.90.8675,25%,Steel Derivatives,All
7326.90.8676,25%,Steel Derivatives,All
7326.90.8677,25%,Steel Derivatives,All
8202.39.0040,25%,Steel Derivatives,All
8203.40.60,25%,Steel Derivatives,All
8205.59.55,25%,Steel Derivatives,All
8205.70.00,25%,Steel Derivatives,All
8211.10.00,25%,Steel Derivatives,All
8211.91.10,25%,Steel Derivatives,All
8211.91.20,25%,Steel Derivatives,All
8211.91.25,25%,Steel Derivatives,All
8211.91.30,25%,Steel Derivatives,All
8211.91.40,25%,Steel Derivatives,All
8211.91.50,25%,Steel Derivatives,All
8211.91.80,25%,Steel Derivatives,All
8211.92.20,25%,Steel Derivatives,All
8211.92.40,25%,Steel Derivatives,All
8211.92.60,25%,Steel Derivatives,All
8211.92.90,25%,Steel Derivatives,All
8211.93.00,25%,Steel Derivatives,All
8211.94.10,25%,Steel Derivatives,All
8211.94.50,25%,Steel Derivatives,All
8211.95.10,25%,Steel Derivatives,All
8211.95.50,25%,Steel Derivatives,All
8211.95.90,25%,Steel Derivatives,All
8215.10.00,25%,Steel Derivatives,All
8215.20.00,25%,Steel Derivatives,All
8215.91.30,25%,Steel Derivatives,All
8215.91.60,25%,Steel Derivatives,All
8215.91.90,25%,Steel Derivatives,All
8215.99.01,25%,Steel Derivatives,All
8215.99.05,25%,Steel Derivatives,All
8215.99.10,25%,Steel Derivatives,All
8215.99.15,25%,Steel Derivatives,All
8215.99.20,25%,Steel Derivatives,All
8215.99.22,25%,Steel Derivatives,All
8215.99.24,25%,Steel Derivatives,All
8215.99.26,25%,Steel Derivatives,All
8215.99.30,25%,Steel Derivatives,All
8215.99.35,25%,Steel Derivatives,All
8215.99.40,25%,Steel Derivatives,All
8215.99.45,25%,Steel Derivatives,All
8215.99.50,25%,Steel Derivatives,All
8302.10.60,25%,Steel Derivatives,All
8302.41.30,25%,Steel Derivatives,All
8302.41.60,25%,Steel Derivatives,All
8302.42.30,25%,Steel Derivatives,All
8302.49.60,25%,Steel Derivatives,All
8305.20.00,25%,Steel Derivatives,All
8307.10.60,25%,Steel Derivatives,All
8309.90.0080,25%,Steel Derivatives,All
8403.10.00,25%,Steel Derivatives,All
8406.90.40,25%,Steel Derivatives,All
8407.90.90,25%,Steel Derivatives,All
8410.90.00,25%,Steel Derivatives,All
8411.81.80,25%,Steel Derivatives,All
8412.21.00,25%,Steel Derivatives,All
8412.29.80,25%,Steel Derivatives,All
8412.90.9070,25%,Steel Derivatives,All
8412.90.9075,25%,Steel Derivatives,All
8413.81.00,25%,Steel Derivatives,All
8413.91.9055,25%,Steel Derivatives,All
8413.91.9060,25%,Steel Derivatives,All
8413.91.9096,25%,Steel Derivatives,All
8414.30.40,25%,Steel Derivatives,All
8414.80.16,25%,Steel Derivatives,All
8414.90.30,25%,Steel Derivatives,All
8414.90.41,25%,Steel Derivatives,All
2379859,25%,Steel Derivatives,All
8415.83.00,25%,Steel Derivatives,All
8415.90.40,25%,Steel Derivatives,All
8418.10.00,25%,Steel Derivatives,All
8418.21.00,25%,Steel Derivatives,All
8418.29.20,25%,Steel Derivatives,All
8418.30.00,25%,Steel Derivatives,All
8418.40.00,25%,Steel Derivatives,All
8418.99.40,25%,Steel Derivatives,All
8422.11.00,25%,Steel Derivatives,All
8425.42.00,25%,Steel Derivatives,All
8426.20.00,25%,Steel Derivatives,All
8426.49.00,25%,Steel Derivatives,All
8426.99.00,25%,Steel Derivatives,All
8431.31.00,25%,Steel Derivatives,All
8431.43.40,25%,Steel Derivatives,All
8431.43.80,25%,Steel Derivatives,All
8431.49.10,25%,Steel Derivatives,All
8433.11.00,25%,Steel Derivatives,All
8433.90.10,25%,Steel Derivatives,All
8443.16.00,25%,Steel Derivatives,All
8450.11.00,25%,Steel Derivatives,All
8450.20.00,25%,Steel Derivatives,All
8451.21.00,25%,Steel Derivatives,All
8451.29.00,25%,Steel Derivatives,All
8479.90.45,25%,Steel Derivatives,All
8479.90.55,25%,Steel Derivatives,All
8479.90.65,25%,Steel Derivatives,All
8479.90.75,25%,Steel Derivatives,All
8479.90.85,25%,Steel Derivatives,All
8482.10.5004,25%,Steel Derivatives,All
8482.10.5008,25%,Steel Derivatives,All
8482.10.5012,25%,Steel Derivatives,All
8482.10.5016,25%,Steel Derivatives,All
8482.10.5024,25%,Steel Derivatives,All
8482.10.5028,25%,Steel Derivatives,All
8482.10.5032,25%,Steel Derivatives,All
8482.10.5036,25%,Steel Derivatives,All
8482.10.5052,25%,Steel Derivatives,All
8482.10.5056,25%,Steel Derivatives,All
8482.10.5060,25%,Steel Derivatives,All
8482.10.5064,25%,Steel Derivatives,All
8482.10.5068,25%,Steel Derivatives,All
8482.20.0064,25%,Steel Derivatives,All
8482.20.0067,25%,Steel Derivatives,All
8482.20.0090,25%,Steel Derivatives,All
8482.99.05,25%,Steel Derivatives,All
8482.99.15,25%,Steel Derivatives,All
8482.99.25,25%,Steel Derivatives,All
8482.99.35,25%,Steel Derivatives,All
8482.99.45,25%,Steel Derivatives,All
8482.99.65,25%,Steel Derivatives,All
8483.10.1010,25%,Steel Derivatives,All
8483.10.1050,25%,Steel Derivatives,All
8483.10.50,25%,Steel Derivatives,All
8483.20.40,25%,Steel Derivatives,All
8483.20.80,25%,Steel Derivatives,All
8483.30.40,25%,Steel Derivatives,All
8483.30.80,25%,Steel Derivatives,All
8483.40.10,25%,Steel Derivatives,All
8483.40.5020,25%,Steel Derivatives,All
8483.40.90,25%,Steel Derivatives,All
8483.50.60,25%,Steel Derivatives,All
8483.50.90,25%,Steel Derivatives,All
8483.60.40,25%,Steel Derivatives,All
8483.90.30,25%,Steel Derivatives,All
8483.90.50,25%,Steel Derivatives,All
8483.90.70,25%,Steel Derivatives,All
8483.90.80,25%,Steel Derivatives,All
8501.53.60,25%,Steel Derivatives,All
8501.53.80,25%,Steel Derivatives,All
8501.64.0110,25%,Steel Derivatives,All
8502.31.00,25%,Steel Derivatives,All
8503.00.35,25%,Steel Derivatives,All
8503.00.65,25%,Steel Derivatives,All
8503.00.75,25%,Steel Derivatives,All
8503.00.95,25%,Steel Derivatives,All
8504.21.00,25%,Steel Derivatives,All
8504.22.00,25%,Steel Derivatives,All
8504.32.00,25%,Steel Derivatives,All
8504.33.00,25%,Steel Derivatives,All
8504.90.9634,25%,Steel Derivatives,All
8504.90.9638,25%,Steel Derivatives,All
8504.90.9642,25%,Steel Derivatives,All
8509.80.20,25%,Steel Derivatives,All
8514.20.40,25%,Steel Derivatives,All
8514.20.60,25%,Steel Derivatives,All
8516.60.40,25%,Steel Derivatives,All
8516.60.60,25%,Steel Derivatives,All
8547.90.00,25%,Steel Derivatives,All
8601.10.00,25%,Steel Derivatives,All
8601.20.00,25%,Steel Derivatives,All
8602.10.00,25%,Steel Derivatives,All
8602.90.00,25%,Steel Derivatives,All
8603.10.00,25%,Steel Derivatives,All
8603.90.00,25%,Steel Derivatives,All
8604.00.00,25%,Steel Derivatives,All
8605.00.00,25%,Steel Derivatives,All
8606.10.00,25%,Steel Derivatives,All
8607.11.00,25%,Steel Derivatives,All
8607.19.03,25%,Steel Derivatives,All
8607.19.06,25%,Steel Derivatives,All
8607.19.12,25%,Steel Derivatives,All
8607.19.15,25%,Steel Derivatives,All
8607.19.90,25%,Steel Derivatives,All
8607.21.50,25%,Steel Derivatives,All
8607.30.10,25%,Steel Derivatives,All
8607.30.50,25%,Steel Derivatives,All
8607.91.00,25%,Steel Derivatives,All
8607.99.50,25%,Steel Derivatives,All
8609.00.00,25%,Steel Derivatives,All
8701.21.0080,25%,Steel Derivatives,All
8701.22.0080,25%,Steel Derivatives,All
8701.23.0080,25%,Steel Derivatives,All
8701.24.0080,25%,Steel Derivatives,All
8701.29.0080,25%,Steel Derivatives,All
2484684,25%,Steel Derivatives,All
8702.10.61,25%,Steel Derivatives,All
2485028,25%,Steel Derivatives,All
8703.10.50,25%,Steel Derivatives,All
2486875,25%,Steel Derivatives,All
8708.92.50,25%,Steel Derivatives,All
8708.92.75,25%,Steel Derivatives,All
8708.99.81,25%,Steel Derivatives,All
8716.10.00,25%,Steel Derivatives,All
8716.39.00,25%,Steel Derivatives,All
8716.80.50,25%,Steel Derivatives,All
8716.90.30,25%,Steel Derivatives,All
8716.90.50,25%,Steel Derivatives,All
9403.20.0075,25%,Steel Derivatives,All
9403.20.0082,25%,Steel Derivatives,All
9403.99.9020,25%,Steel Derivatives,All
9403.99.9040,25%,Steel Derivatives,All
9406.20.00,25%,Steel Derivatives,All
9406.90.01,25%,Steel Derivatives,All
3701.30.00,25%,Aluminum Derivative,All
2087655,25%,Aluminum Derivative,All
2087665,25%,Aluminum Derivative,All
7615.10.50,25%,Aluminum Derivative,All
7615.10.71,25%,Aluminum Derivative,All
7615.10.91,25%,Aluminum Derivative,All
7615.20.00,25%,Aluminum Derivative,All
7616.99.10,25%,Aluminum Derivative,All
7616.99.5130,25%,Aluminum Derivative,All
7616.99.5140,25%,Aluminum Derivative,All
2338586,25%,Aluminum Derivative,All
8302.10.60,25%,Aluminum Derivative,All
8302.20.00,25%,Aluminum Derivative,All
8302.30.30,25%,Aluminum Derivative,All
8302.41.30,25%,Aluminum Derivative,All
8302.41.60,25%,Aluminum Derivative,All
8302.42.30,25%,Aluminum Derivative,All
8302.49.60,25%,Aluminum Derivative,All
8302.50.00,25%,Aluminum Derivative,All
8302.60.30,25%,Aluminum Derivative,All
8302.60.90,25%,Aluminum Derivative,All
8305.10.0050,25%,Aluminum Derivative,All
8306.30.00,25%,Aluminum Derivative,All
8307.90.60,25%,Aluminum Derivative,All
8309.90.0020,25%,Aluminum Derivative,All
8309.90.0025,25%,Aluminum Derivative,All
8412.90.9070,25%,Aluminum Derivative,All
8412.90.9075,25%,Aluminum Derivative,All
8414.59.6590,25%,Aluminum Derivative,All
8414.80.16,25%,Aluminum Derivative,All
8418.10.00,25%,Aluminum Derivative,All
8418.99.8005,25%,Aluminum Derivative,All
8418.99.8050,25%,Aluminum Derivative,All
8418.99.8060,25%,Aluminum Derivative,All
8419.50.10,25%,Aluminum Derivative,All
8419.50.50,25%,Aluminum Derivative,All
8419.90.10,25%,Aluminum Derivative,All
8422.90.0640,25%,Aluminum Derivative,All
8424.90.9080,25%,Aluminum Derivative,All
8443.16.00,25%,Aluminum Derivative,All
8450.11.00,25%,Aluminum Derivative,All
8451.21.00,25%,Aluminum Derivative,All
8467.22.00,25%,Aluminum Derivative,All
8467.29.00,25%,Aluminum Derivative,All
8467.81.00,25%,Aluminum Derivative,All
8467.89.50,25%,Aluminum Derivative,All
8479.90.85,25%,Aluminum Derivative,All
8481.90.9060,25%,Aluminum Derivative,All
8481.90.9085,25%,Aluminum Derivative,All
8483.40.5020,25%,Aluminum Derivative,All
8483.90.5020,25%,Aluminum Derivative,All
8487.90.0080,25%,Aluminum Derivative,All
8501.64.0110,25%,Aluminum Derivative,All
8502.20.00,25%,Aluminum Derivative,All
8502.31.00,25%,Aluminum Derivative,All
8503.00.9520,25%,Aluminum Derivative,All
8503.00.9546,25%,Aluminum Derivative,All
8503.00.9570,25%,Aluminum Derivative,All
8504.31.20,25%,Aluminum Derivative,All
8504.31.40,25%,Aluminum Derivative,All
8504.31.60,25%,Aluminum Derivative,All
8504.33.00,25%,Aluminum Derivative,All
8504.90.41,25%,Aluminum Derivative,All
8508.70.00,25%,Aluminum Derivative,All
8513.90.20,25%,Aluminum Derivative,All
8515.90.20,25%,Aluminum Derivative,All
8516.90.50,25%,Aluminum Derivative,All
8516.90.8050,25%,Aluminum Derivative,All
8517.71.00,25%,Aluminum Derivative,All
8529.90.73,25%,Aluminum Derivative,All
8536.90.8585,25%,Aluminum Derivative,All
8538.10.00,25%,Aluminum Derivative,All
8543.90.8885,25%,Aluminum Derivative,All
8544.19.00,25%,Aluminum Derivative,All
8544.42.90,25%,Aluminum Derivative,All
8544.49.20,25%,Aluminum Derivative,All
8544.49.90,25%,Aluminum Derivative,All
8544.60.20,25%,Aluminum Derivative,All
8544.60.60,25%,Aluminum Derivative,All
8547.90.0020,25%,Aluminum Derivative,All
8547.90.0030,25%,Aluminum Derivative,All
8547.90.0040,25%,Aluminum Derivative,All
2486875,25%,Aluminum Derivative,All
8708.10.60,25%,Aluminum Derivative,All
8708.29.5160,25%,Aluminum Derivative,All
8708.80.6590,25%,Aluminum Derivative,All
8708.99.6890,25%,Aluminum Derivative,All
8716.10.00,25%,Aluminum Derivative,All
8716.39.00,25%,Aluminum Derivative,All
8716.80.5010,25%,Aluminum Derivative,All
8716.90.50,25%,Aluminum Derivative,All
8544.42.10,25%,Copper Articles,All
8544.42.20,25%,Copper Articles,All
8544.42.90,25%,Copper Articles,All
8544.49.10,25%,Copper Articles,All
8511.20.00,25%,Automobile,All
8511.30.0040,25%,Automobile,All
8511.30.0080,25%,Automobile,All
8511.40.00,25%,Automobile,All
8511.50.00,25%,Automobile,All
8511.80.20,25%,Automobile,All
8511.80.60,25%,Automobile,All
8511.90.6020,25%,Automobile,All
8511.90.6040,25%,Automobile,All
8512.20.20,25%,Automobile,All
8512.20.40,25%,Automobile,All
8512.30.00,25%,Automobile,All
8512.40.20,25%,Automobile,All
8512.40.40,25%,Automobile,All
8512.90.20,25%,Automobile,All
8512.90.60,25%,Automobile,All
8512.90.70,25%,Automobile,All
8519.81.20,25%,Automobile,All
8525.60.1010,25%,Automobile,All
8527.21,25%,Automobile,All
8527.29,25%,Automobile,All
8536.41.0005,25%,Automobile,All
8537.1,25%,Automobile,All
8537.2,25%,Automobile,All
8539.10.0010,25%,Automobile,All
8539.10.0050,25%,Automobile,All
8544.30.00,25%,Automobile,All
8706.00.03,25%,Automobile,All
8706.00.05,25%,Automobile,All
8706.00.15,25%,Automobile,All
8706.00.25,25%,Automobile,All
8707,25%,Automobile,All
8707.10.0020,25%,Automobile,All
8707.10.0040,25%,Automobile,All
8707.90.5020,25%,Automobile,All
8707.90.5040,25%,Automobile,All
8707.90.5060,25%,Automobile,All
8707.90.5080,25%,Automobile,All
8708.10.30,25%,Automobile,All
8708.10.60,25%,Automobile,All
8708.21.00,25%,Automobile,All
8708.22,25%,Automobile,All
8708.29,25%,Automobile,All
8708.3,25%,Automobile,All
8708.40.11,25%,Automobile,All
8708.40.70,25%,Automobile,All
8708.40.75,25%,Automobile,All
8708.5,25%,Automobile,All
8708.7,25%,Automobile,All
8708.8,25%,Automobile,All
8708.91,25%,Automobile,All
8708.93.60,25%,Automobile,All
8708.93.75,25%,Automobile,All
8708.94,25%,Automobile,All
8708.95,25%,Automobile,All
8708.99.53,25%,Automobile,All
8708.99.55,25%,Automobile,All
8708.99.58,25%,Automobile,All
8708.99.68,25%,Automobile,All
8716.90.50,25%,Automobile,All
9015.1,25%,Automobile,All
9029.1,25%,Automobile,All
9029.20.4080,25%,Automobile,All
9401.20.00,25%,Automobile,All
4009.12.0020,25%,Automobile,All
4009.22.0020,25%,Automobile,All
4009.32.0020,25%,Automobile,All
4009.42.0020,25%,Automobile,All
4011.10.10,25%,Automobile,All
4011.10.50,25%,Automobile,All
4011.20.10,25%,Automobile,All
4012.19.40,25%,Automobile,All
4012.19.80,25%,Automobile,All
4012.20.60,25%,Automobile,All
4012.20.60,25%,Automobile,All
4013.10.0010,25%,Automobile,All
4013.10.0020,25%,Automobile,All
4016.99.6010,25%,Automobile,All
7007.21.51,25%,Automobile,All
7009.10.00,25%,Automobile,All
7320.1,25%,Automobile,All
7320.20.10,25%,Automobile,All
8301.20.00,25%,Automobile,All
8302.10.30,25%,Automobile,All
8302.3,25%,Automobile,All
8407.31.00,25%,Automobile,All
8407.32,25%,Automobile,All
8407.33,25%,Automobile,All
8407.34,25%,Automobile,All
8408.20.20,25%,Automobile,All
8409.91.1040,25%,Automobile,All
8409.99.1040,25%,Automobile,All
8413.30.10,25%,Automobile,All
8413.30.90,25%,Automobile,All
8413.91.10,25%,Automobile,All
8413.91.9010,25%,Automobile,All
8414.30.8030,25%,Automobile,All
8414.59.30,25%,Automobile,All
8414.59.6540,25%,Automobile,All
8414.80.05,25%,Automobile,All
8415.20.00,25%,Automobile,All
8421.23.00,25%,Automobile,All
8421.32.00,25%,Automobile,All
8425.49.00,25%,Automobile,All
8426.91.00,25%,Automobile,All
8431.10.0090,25%,Automobile,All
8471,25%,Automobile,All
8482.10.10,25%,Automobile,All
8482.10.5044,25%,Automobile,All
8482.10.5048,25%,Automobile,All
8482.20.0020,25%,Automobile,All
8482.20.0030,25%,Automobile,All
8482.20.0040,25%,Automobile,All
8482.20.0061,25%,Automobile,All
8482.20.0070,25%,Automobile,All
8482.20.0081,25%,Automobile,All
8482.24.00,25%,Automobile,All
8482.40.00,25%,Automobile,All
8482.50.00,25%,Automobile,All
8483.10.30,25%,Automobile,All
8483.10.1030,25%,Automobile,All
8501.32,25%,Automobile,All
8501.33,25%,Automobile,All
8501.34,25%,Automobile,All
8501.4,25%,Automobile,All
8501.51,25%,Automobile,All
8501.52,25%,Automobile,All
8507.1,25%,Automobile,All
8507.40.80,25%,Automobile,All
8507.6,25%,Automobile,All
8511.10.0000,25%,Automobile,All
